{"cameraMode":{"drawMode":0,"name":"Shaded","section":"Shading Mode"},"sceneLighting":true,"audioPlay":false,"sceneViewState":{"m_AlwaysRefresh":false,"showFog":true,"showSkybox":true,"showFlares":true,"showImageEffects":true,"showParticleSystems":true,"showVisualEffectGraphs":true,"m_FxEnabled":true},"in2DMode":false,"pivot":{"x":-13.755876541137696,"y":11.306225776672364,"z":-11.873093605041504},"rotation":{"x":0.16476573050022126,"y":0.6631085276603699,"z":-0.15303276479244233,"w":0.7139488458633423},"size":6.095571517944336,"orthographic":false}