{"cameraMode":{"drawMode":0,"name":"Shaded","section":"Shading Mode"},"sceneLighting":true,"audioPlay":false,"sceneViewState":{"m_AlwaysRefresh":false,"showFog":true,"showSkybox":true,"showFlares":true,"showImageEffects":true,"showParticleSystems":true,"showVisualEffectGraphs":true,"m_FxEnabled":true},"in2DMode":false,"pivot":{"x":87.99785614013672,"y":22.37938117980957,"z":437.7103271484375},"rotation":{"x":0.13325805962085725,"y":-0.38985541462898257,"z":0.057127680629491809,"w":0.9093908071517944},"size":49.18431091308594,"orthographic":false}